,model,accuracy,precision,recall,f1,roc_auc,avg_precision,train_time
Logistic Regression,"LogisticRegression(max_iter=1000, random_state=42)",0.9905690408179723,0.8899739583333334,0.3997076023391813,0.5516545601291364,0.7647164023392418,0.48911594849403484,1.2289609909057617
Decision Tree,DecisionTreeClassifier(random_state=42),0.9909043449473063,0.8710052295177223,0.4383040935672515,0.5831550282046295,0.7283278933241374,0.4459476988191975,1.0283169746398926
Random Forest,"RandomForestClassifier(n_jobs=-1, random_state=42)",0.9909764990004541,0.8606465997770345,0.45146198830409356,0.5922516302263138,0.7639605567724361,0.5072227244059404,4.334978103637695
Gradient Boosting,GradientBoostingClassifier(random_state=42),0.9911080740385473,0.8540887226082309,0.4672514619883041,0.604044604044604,0.7606315861003043,0.5056984397066211,17.47127604484558
Neural Network,"MLPClassifier(hidden_layer_sizes=(100, 50), max_iter=1000, random_state=42)",0.9911887168038301,0.8366733466933868,0.48830409356725146,0.6166912850812407,0.756499706565919,0.5078308173685762,33.44746017456055
XGBoost,"XGBClassifier(base_score=None, booster=None, callbacks=None,
              colsample_bylevel=None, colsample_bynode=None,
              colsample_bytree=None, device=None, early_stopping_rounds=None,
              enable_categorical=False, eval_metric='logloss',
              feature_types=None, gamma=None, grow_policy=None,
              importance_type=None, interaction_constraints=None,
              learning_rate=None, max_bin=None, max_cat_threshold=None,
              max_cat_to_onehot=None, max_delta_step=None, max_depth=None,
              max_leaves=None, min_child_weight=None, missing=nan,
              monotone_constraints=None, multi_strategy=None, n_estimators=100,
              n_jobs=None, num_parallel_tree=None, random_state=42, ...)",0.9911377845310199,0.8619565217391304,0.4637426900584795,0.603041825095057,0.7651986424432997,0.5122172184356364,1.253605842590332
LightGBM,"LGBMClassifier(random_state=42, verbosity=-1)",0.9910868522582097,0.8563714902807775,0.4637426900584795,0.6016691957511381,0.7653163038302183,0.5120466683146113,1.6968672275543213
